"ID","Description","GeneRatio","BgRatio","RichFactor","FoldEnrichment","zScore","pvalue","p.adjust","qvalue","geneID","Count"
"R-HSA-877300","Interferon gamma signaling","12/42","96/11214",0.125,33.375,19.5322444764856,6.83198814484199e-16,1.14777400833345e-13,1.02120243849217e-13,"TRIM21/TRIM25/TRIM26/TRIM10/TRIM22/TRIM38/TRIM35/TRIM17/TRIM34/TRIM68/TRIM5/TRIM6",12
"R-HSA-913531","Interferon Signaling","12/42","276/11214",0.0434782608695652,11.6086956521739,10.9412682176816,2.23026671359701e-10,1.87342403942148e-08,1.66683091226724e-08,"TRIM21/TRIM25/TRIM26/TRIM10/TRIM22/TRIM38/TRIM35/TRIM17/TRIM34/TRIM68/TRIM5/TRIM6",12
"R-HSA-419812","Calcitonin-like ligand receptors","2/42","10/11214",0.2,53.4,10.1640040555963,0.000604639809776225,0.0291367342382418,0.0259236607884106,"CALCR/CALCRL",2
"R-HSA-983168","Antigen processing: Ubiquitination & Proteasome degradation","6/42","296/11214",0.0202702702702703,5.41216216216216,4.71678270244248,0.000757516550858879,0.0291367342382418,0.0259236607884106,"TRIM21/TRIM39/TRIM11/TRIM4/TRIM50/TRIM69",6
"R-HSA-400206","Regulation of lipid metabolism by PPARalpha","4/42","119/11214",0.0336134453781513,8.97478991596639,5.36227609325266,0.000988361276654565,0.0291367342382418,0.0259236607884106,"SP1/MED22/SIN3B/SIN3A",4
"R-HSA-933543","NF-kB activation through FADD/RIP-1 pathway mediated by caspase-8 and -10","2/42","13/11214",0.153846153846154,41.0769230769231,8.86457137724156,0.00104059765136578,0.0291367342382418,0.0259236607884106,"TRIM25/TRIM4",2
"R-HSA-918233","TRAF3-dependent IRF activation pathway","2/42","15/11214",0.133333333333333,35.6,8.22152153617251,0.00139416686165384,0.0334600046796922,0.0297701796022325,"TRIM25/TRIM4",2
